{"cameraMode":{"drawMode":0,"name":"Shaded","section":"Shading Mode"},"sceneLighting":true,"audioPlay":false,"sceneViewState":{"showFog":true,"showMaterialUpdate":true,"showSkybox":true,"showFlares":true,"showImageEffects":true,"showParticleSystems":true},"in2DMode":false,"pivot":{"x":18.4274959564209,"y":1.8169920444488526,"z":13.636526107788086},"rotation":{"x":-0.2647002935409546,"y":0.33842286467552187,"z":-0.0998191386461258,"w":-0.8974723219871521},"size":102.86250305175781,"orthographic":false}